"age_group","average_risk_score"
"41-45","11.5000000000000000"
"71-75","11.4117647058823529"
"76-80","11.2500000000000000"
"46-50","11.2500000000000000"
"Above 80","11.0000000000000000"
"36-40","11.0000000000000000"
"51-55","10.9375000000000000"
"61-65","10.3714285714285714"
"56-60","10.3000000000000000"
"66-70","10.2272727272727273"
